{
  "name": "EByte LoRa E220 library",
  "version": "1.0.8",
  "keywords": "LoRa, UART, EByte, esp32, esp8266, stm32, SAMD, Arduino, Raspberry Pi Pico",
  "description": "Ebyte E220 LoRa (Long Range) library device very cheap and very long range (from 5Km to 10Km). Arduino LoRa EBYTE E220 device library complete and tested with Arduino, esp8266, esp32, STM32 and Raspberry Pi Pico. LLCC68.",
  "homepage": "https://www.mischianti.org/category/my-libraries/ebyte-lora-e22-devices/",
  "authors":
  [
    {
      "name": "Renzo Mischianti",
      "email": "renzo@mischianti.org",
      "maintainer": true,
      "url": "https://www.mischianti.org"
    }
  ],
  "repository": {
    "type": "git",
    "url": "https://github.com/xreef/EByte_LoRa_E220_Series_Library"
  },
  "license": "MIT",
  "frameworks": "arduino",
  "platforms": "*",
  "headers": ["LoRa_E220.h, EByte_LoRa_E220_library.h"]
}